<?xml version="1.0"?>
<simulation> 

 <context id="nemo" time_origin="1950-01-01 00:00:00" >
    
    <!-- $id$ -->
    
    <!-- 
============================================================================================================
=                                  definition of all existing variables                                    =
=                                            DO NOT CHANGE                                                 =
============================================================================================================
    -->
    <field_definition src="./field_def.xml"/>
    <!-- 
============================================================================================================
=                                           output files definition                                        =
=                                            Define your own files                                         =
=                                         put the variables you want...                                    =
============================================================================================================
    -->
    
    <file_definition type="multiple_file" name="@expname@_@freq@_@startdate@_@enddate@" sync_freq="10d" min_digits="4">
    
      <file_group id="1ts" output_freq="1ts"  output_level="10" enabled=".TRUE."/> <!-- 1 time step files -->

      <file_group id="1h" output_freq="1h"  output_level="10" enabled=".TRUE."/> <!-- 1h files -->

      <file_group id="2h" output_freq="2h"  output_level="10" enabled=".TRUE."/> <!-- 2h files -->

      <file_group id="3h" output_freq="3h"  output_level="10" enabled=".TRUE."/> <!-- 3h files -->     

      <file_group id="4h" output_freq="4h"  output_level="10" enabled=".TRUE."/> <!-- 4h files -->

      <file_group id="6h" output_freq="6h"  output_level="10" enabled=".TRUE."/> <!-- 6h files -->     

      <file_group id="1d" output_freq="1d"  output_level="10" enabled=".TRUE."/> <!-- 1d files -->
      
      <file_group id="3d" output_freq="3d"  output_level="10" enabled=".TRUE."/> <!-- 3d files -->
      
      <file_group id="5d" output_freq="5d"  output_level="10" enabled=".TRUE.">  <!-- 5d files -->   
	
	<file id="file1" name_suffix="_grid_T" description="ocean T grid variables" >
	  <field field_ref="e3t"      />
	  <field field_ref="toce"         name="thetao"                                                                      operation="instant" freq_op="5d" > @toce_e3t / @e3t </field>
	  <field field_ref="soce"         name="so"                                                                          operation="instant" freq_op="5d" > @soce_e3t / @e3t </field>
	  <field field_ref="sst"          name="tos"   />
	  <field field_ref="sss"          name="sos"   />
	  <field field_ref="ssh"          name="zos"   />
	  <field field_ref="sst"          name="tosstd"       long_name="sea surface temperature standard deviation"         operation="instant" freq_op="5d" > sqrt( @sst2 - @sst * @sst ) </field>
	  <field field_ref="ssh"          name="zosstd"       long_name="sea surface height above geoid standard deviation"  operation="instant" freq_op="5d" > sqrt( @ssh2 - @ssh * @ssh ) </field>
	  <field field_ref="sst"          name="sstdcy"       long_name="amplitude of sst diurnal cycle"                     operation="average" freq_op="1d" > @sstmax - @sstmin </field>
	  <field field_ref="mldkz5"   />
	  <field field_ref="mldr10_1" />
	  <field field_ref="mldr10_1"     name="mldr10_1dcy"  long_name="amplitude of mldr10_1 diurnal cycle"                operation="average" freq_op="1d" > @mldr10_1max - @mldr10_1min </field>
	  <field field_ref="sbt"      />
	  <field field_ref="heatc"        name="heatc" />
	  <field field_ref="saltc"        name="saltc" />
	</file>

	<file id="file2" name_suffix="_SBC" description="surface fluxes variables" > <!-- time step automaticaly defined based on nn_fsbc -->
	  <field field_ref="empmr"        name="wfo"      />
          <field field_ref="emp_oce"      name="emp_oce"  long_name="Evap minus Precip over ocean"              />
          <field field_ref="emp_ice"      name="emp_ice"  long_name="Evap minus Precip over ice"                />
	  <field field_ref="qsr_oce"      name="qsr_oce"  />
	  <field field_ref="qns_oce"      name="qns_oce"  />
	  <field field_ref="qt_oce"       name="qt_oce"   />
	  <field field_ref="qsr_ice"      name="qsr_ice"  />
	  <field field_ref="qns_ice"      name="qns_ice"  />
	  <field field_ref="qtr_ice"      name="qtr_ice"  />
	  <field field_ref="qt_ice"       name="qt_ice"   />
	  <field field_ref="saltflx"      name="sfx"      />
	  <field field_ref="taum"         name="taum"     />
	  <field field_ref="wspd"         name="windsp"   />
	  <field field_ref="precip"       name="precip"   />
	  <!-- ice and snow -->
	  <field field_ref="snowpre" />
	  <field field_ref="utau_ice"     name="utau_ice" />
	  <field field_ref="vtau_ice"     name="vtau_ice" />
	</file>

	<file id="file3" name_suffix="_grid_U" description="ocean U grid variables" >
	  <field field_ref="e3u" />
	  <field field_ref="ssu"          name="uos"      />
	  <field field_ref="uoce"         name="uo"       operation="instant" freq_op="5d" > @uoce_e3u / @e3u </field>
	  <field field_ref="utau"         name="tauuo"    />
          <!-- available with key_diaar5 -->
	  <field field_ref="u_masstr"     name="vozomatr" />
	  <field field_ref="u_heattr"     name="sozohetr" />
	  <field field_ref="u_salttr"     name="sozosatr" />
	</file>
	
	<file id="file4" name_suffix="_grid_V" description="ocean V grid variables" >
	  <field field_ref="e3v" />
	  <field field_ref="ssv"          name="vos"      />
	  <field field_ref="voce"         name="vo"       operation="instant" freq_op="5d" > @voce_e3v / @e3v </field>
	  <field field_ref="vtau"         name="tauvo"    />
          <!-- available with key_diaar5 -->
	  <field field_ref="v_masstr"     name="vomematr" />
	  <field field_ref="v_heattr"     name="somehetr" />
	  <field field_ref="v_salttr"     name="somesatr" />
	</file>
	
	<file id="file5" name_suffix="_grid_W" description="ocean W grid variables" >
	  <field field_ref="e3w" />
	  <field field_ref="woce"         name="wo"       />
	  <field field_ref="avt"          name="difvho"   />
	  <field field_ref="w_masstr"     name="vovematr" />
	</file>

	<file id="file6" name_suffix="_icemod" description="ice variables" enabled=".true." >
          <field field_ref="snowthic_cea"    name="snthic" />
          <field field_ref="icethic_cea"     name="sithic" />
          <field field_ref="icevolu"         name="sivolu" />
          <field field_ref="snowvol"         name="snvolu" />
          <field field_ref="iceconc"         name="siconc" />

          <field field_ref="vfxice"          name="vfxice" />
          <field field_ref="vfxsnw"          name="vfxsnw" />
          <field field_ref="vfxsub"          name="vfxsub" />
          <field field_ref="vfxsub_err"      name="vfxsub_err" />
          <field field_ref="vfxspr"          name="vfxspr" />

          <field field_ref="icetrp"          name="sivtrp" />
          <field field_ref="snwtrp"          name="snvtrp" />
          <field field_ref="saltrp"          name="saltrp" />
          <field field_ref="deitrp"          name="deitrp" />
          <field field_ref="destrp"          name="destrp" />

          <field field_ref="sfx"             name="sfx"    />

          <field field_ref="hfxout"          name="hfxout"     />
          <field field_ref="hfxin"           name="hfxin"      />


	  <!-- diags -->
          <field field_ref="isst"            name="sst"    />
          <field field_ref="isss"            name="sss"    />
          <field field_ref="micesalt"        name="sisali" />
          <field field_ref="micet"           name="sitemp" />
          <field field_ref="icest"           name="sistem" />
          <field field_ref="icehc"           name="siheco" />
          <field field_ref="isnowhc"         name="snheco" />
          <field field_ref="miceage"         name="siages" />

          <field field_ref="uice_ipa"        name="sivelu" />
          <field field_ref="vice_ipa"        name="sivelv" />
          <field field_ref="icevel"          name="sivelo" />
          <field field_ref="idive"           name="sidive" />
          <field field_ref="ishear"          name="sishea" />
          <field field_ref="icestr"          name="sistre" />

          <field field_ref="ibrinv"          name="sibrin" />
          <field field_ref="icecolf"         name="sicolf" />

          <field field_ref="iceage_cat"      name="siagecat" />
          <field field_ref="iceconc_cat"     name="siconcat" />
          <field field_ref="icethic_cat"     name="sithicat" />
          <field field_ref="snowthic_cat"    name="snthicat" />
          <field field_ref="salinity_cat"    name="salincat" />
          <field field_ref="brinevol_cat"    name="sibricat" />
	  <field field_ref="icetemp_cat"     name="sitemcat" />
	  <field field_ref="snwtemp_cat"     name="sntemcat" />

	</file>

        <file id="file7" name_suffix="_scalar" description="scalar variables" enabled=".true." >
          <field field_ref="voltot"       name="scvoltot"   />
          <field field_ref="sshtot"       name="scsshtot"   />
          <field field_ref="sshsteric"    name="scsshste"   />
          <field field_ref="sshthster"    name="scsshtst"   />
          <field field_ref="masstot"      name="scmastot"   />
          <field field_ref="temptot"      name="sctemtot"   />
          <field field_ref="saltot"       name="scsaltot"   />

          <field field_ref="bgtemper"     name="bgtemper"   />
          <field field_ref="bgsaline"     name="bgsaline"   />
          <field field_ref="bgheatco"     name="bgheatco"   />
          <field field_ref="bgheatfx"     name="bgheatfx"   />
          <field field_ref="bgsaltco"     name="bgsaltco"   />
          <field field_ref="bgvolssh"     name="bgvolssh"   /> 
          <field field_ref="bgvole3t"     name="bgvole3t"   />
          <field field_ref="bgfrcvol"     name="bgfrcvol"   />
          <field field_ref="bgfrctem"     name="bgfrctem"   />
          <field field_ref="bgfrchfx"     name="bgfrchfx"   />
          <field field_ref="bgfrcsal"     name="bgfrcsal"   />

	  <field field_ref="ibgvol_tot"   name="ibgvol_tot"  />
	  <field field_ref="sbgvol_tot"   name="sbgvol_tot"  />
	  <field field_ref="ibgarea_tot"  name="ibgarea_tot" />
	  <field field_ref="ibgsalt_tot"  name="ibgsalt_tot" />
	  <field field_ref="ibgheat_tot"  name="ibgheat_tot" />
	  <field field_ref="sbgheat_tot"  name="sbgheat_tot" />
	  
	  <field field_ref="ibgvolume"    name="ibgvolume"   />
	  <field field_ref="ibgsaltco"    name="ibgsaltco"   />
	  <field field_ref="ibgheatco"    name="ibgheatco"   />
          <field field_ref="ibgheatfx"    name="ibgheatfx"   />
	  
	  <field field_ref="ibgfrcvoltop" name="ibgfrcvoltop" />
	  <field field_ref="ibgfrcvolbot" name="ibgfrcvolbot" />
	  <field field_ref="ibgfrctemtop" name="ibgfrctemtop" />
	  <field field_ref="ibgfrctembot" name="ibgfrctembot" />
	  <field field_ref="ibgfrcsal"    name="ibgfrcsal"    />
          <field field_ref="ibgfrchfxtop" name="ibgfrchfxtop" />
          <field field_ref="ibgfrchfxbot" name="ibgfrchfxbot" />

        </file>

	<!--
	<file id="file8" name_suffix="_Tides" description="tidal harmonics" >
	  <field field_ref="M2x"          name="M2x"      long_name="M2 Elevation harmonic real part"                       />
	  <field field_ref="M2y"          name="M2y"      long_name="M2 Elevation harmonic imaginary part"                  />
	  <field field_ref="M2x_u"        name="M2x_u"    long_name="M2 current barotrope along i-axis harmonic real part "       />
	  <field field_ref="M2y_u"        name="M2y_u"    long_name="M2 current barotrope along i-axis harmonic imaginary part "  />
	  <field field_ref="M2x_v"        name="M2x_v"    long_name="M2 current barotrope along j-axis harmonic real part "       />
	  <field field_ref="M2y_v"        name="M2y_v"    long_name="M2 current barotrope along j-axis harmonic imaginary part "  />
	</file>
	-->

      </file_group>

      <file_group id="1m" output_freq="1mo" output_level="10" enabled=".TRUE."/> <!-- real monthly files -->
      <file_group id="2m" output_freq="2mo" output_level="10" enabled=".TRUE."/> <!-- real 2m files -->
      <file_group id="3m" output_freq="3mo" output_level="10" enabled=".TRUE."/> <!-- real 3m files -->
      <file_group id="4m" output_freq="4mo" output_level="10" enabled=".TRUE."/> <!-- real 4m files -->
      <file_group id="6m" output_freq="6mo" output_level="10" enabled=".TRUE."/> <!-- real 6m files -->

      <file_group id="1y"  output_freq="1y" output_level="10" enabled=".TRUE."/> <!-- real yearly files -->
      <file_group id="2y"  output_freq="2y" output_level="10" enabled=".TRUE."/> <!-- real 2y files -->
      <file_group id="5y"  output_freq="5y" output_level="10" enabled=".TRUE."/> <!-- real 5y files -->
      <file_group id="10y" output_freq="10y" output_level="10" enabled=".TRUE."/> <!-- real 10y files -->

   </file_definition>
    
    <!-- 
============================================================================================================
= grid definition = = DO NOT CHANGE =
============================================================================================================
    -->
    
   <axis_definition>  
      <axis id="deptht"  long_name="Vertical T levels"  unit="m" positive="down" />
      <axis id="depthu"  long_name="Vertical U levels"  unit="m" positive="down" />
      <axis id="depthv"  long_name="Vertical V levels"  unit="m" positive="down" />
      <axis id="depthw"  long_name="Vertical W levels"  unit="m" positive="down" />
      <axis id="nfloat"  long_name="Float number"       unit="1"                 />
      <axis id="icbcla"  long_name="Iceberg class"      unit="1"                 />
      <axis id="ncatice" long_name="Ice category"       unit="1"                 />
      <axis id="iax_20C" long_name="20 degC isotherm"   unit="degC"              />
      <axis id="iax_28C" long_name="28 degC isotherm"   unit="degC"              />
   </axis_definition> 
    
   <domain_definition src="./domain_def.xml"/>
   
   <grid_definition>    
     <grid id="grid_T_2D" domain_ref="grid_T"/>
     <grid id="grid_T_3D" domain_ref="grid_T" axis_ref="deptht"/>
     <grid id="grid_U_2D" domain_ref="grid_U"/>
     <grid id="grid_U_3D" domain_ref="grid_U" axis_ref="depthu"/>
     <grid id="grid_V_2D" domain_ref="grid_V"/>
     <grid id="grid_V_3D" domain_ref="grid_V" axis_ref="depthv"/>
     <grid id="grid_W_2D" domain_ref="grid_W"/>
     <grid id="grid_W_3D" domain_ref="grid_W" axis_ref="depthw"/>
     <grid id="gznl_T_2D" domain_ref="gznl"/>
     <grid id="gznl_T_3D" domain_ref="gznl" axis_ref="deptht"/>
     <grid id="gznl_W_3D" domain_ref="gznl" axis_ref="depthw"/>
    </grid_definition>   
  </context>
  

  <context id="xios">

      <variable_definition>
	
     <!-- 
        We must have buffer_size > jpi*jpj*jpk*8 (with jpi and jpj the subdomain size)
-->
	  <variable id="buffer_size"               type="integer">50000000</variable>
	  <variable id="buffer_server_factor_size" type="integer">2</variable>
	  <variable id="info_level"                type="integer">0</variable>
	  <variable id="using_server"              type="boolean">false</variable>
	  <variable id="using_oasis"               type="boolean">false</variable>
	  <variable id="oasis_codes_id"            type="string" >oceanx</variable>
	
      </variable_definition>
               
  </context>
  
</simulation>
