<?xml version="1.0"?>
<simulation> 

 <context id="nemo" time_origin="1900-01-01 00:00:00" >
    
    <!-- $id$ -->
    
    <!-- 
============================================================================================================
=                                  definition of all existing variables                                    =
=                                            DO NOT CHANGE                                                 =
============================================================================================================
    -->
    <field_definition src="./field_def.xml"/>
    <!-- 
============================================================================================================
=                                           output files definition                                        =
=                                            Define your own files                                         =
=                                         put the variables you want...                                    =
============================================================================================================
    -->
    
   <file_definition type="multiple_file" name="@expname@_@freq@_@startdate@_@enddate@" sync_freq="10d" min_digits="4">

      <file_group id="1ts" output_freq="1ts"  output_level="10" enabled=".TRUE."/> <!-- 1 time step files -->
      <file_group id="1h" output_freq="1h"  output_level="10" enabled=".TRUE."/> <!-- 1h files -->
      <file_group id="2h" output_freq="2h"  output_level="10" enabled=".TRUE."/> <!-- 2h files -->
      <file_group id="3h" output_freq="3h"  output_level="10" enabled=".TRUE."/> <!-- 3h files -->     
      <file_group id="4h" output_freq="4h"  output_level="10" enabled=".TRUE."/> <!-- 4h files -->
      <file_group id="6h" output_freq="6h"  output_level="10" enabled=".TRUE."/> <!-- 6h files -->
     
      <file_group id="1d" output_freq="1d"  output_level="10" enabled=".TRUE."> <!-- 1d files -->
      </file_group>
      <file_group id="3d" output_freq="3d"  output_level="10" enabled=".TRUE."/> <!-- 3d files -->    
      <file_group id="5d" output_freq="5d"  output_level="10" enabled=".TRUE.">  <!-- 5d files -->   

	<file id="file1" name_suffix="_grid_T" description="ocean T grid variables" >
	  <field field_ref="toce"         name="thetao" />
	  <field field_ref="soce"         name="so"     />
	  <field field_ref="sst"          name="tos"    />
	  <field field_ref="sst2"         name="tossq"  />
	  <field field_ref="sss"          name="sos"    />
	  <field field_ref="ssh"          name="zos"    />
	  <field field_ref="ssh2"         name="zossq"  />
	  <field field_ref="empmr"        name="wfo"    />
	  <field field_ref="qsr"          name="rsntds" />
	  <field field_ref="qt"           name="tohfls" />
	  <field field_ref="taum"     />
	  <field field_ref="mldkz5"   />
	  <field field_ref="mldr10_1" />
	</file>
	
	<file id="file2" name_suffix="_grid_U" description="ocean U grid variables" >
	  <field field_ref="uoce"         name="uo"    />
	  <field field_ref="ssu"          name="uos"   />
	  <field field_ref="utau"         name="tauuo" />
	</file>
	
	<file id="file3" name_suffix="_grid_V" description="ocean V grid variables" >
	  <field field_ref="voce"         name="vo"    />
	  <field field_ref="ssv"          name="vos"   />
	  <field field_ref="vtau"         name="tauvo" />
	</file>
	
	<file id="file4" name_suffix="_grid_W" description="ocean W grid variables" >
	  <field field_ref="woce"         name="wo"     />
	  <field field_ref="avt"          name="difvho" />
	</file>
	
	<file id="file5" name_suffix="_icemod" description="ice variables" >
	  <field field_ref="ice_pres"   />
	  <field field_ref="snowthic_cea" name="snd" />
	  <field field_ref="icethic_cea"  name="sit" />
	  <field field_ref="iceprod_cea"  name="sip" />
	  <field field_ref="ist_ipa"    />
	  <field field_ref="uice_ipa"   />
	  <field field_ref="vice_ipa"   />
	  <field field_ref="utau_ice"   />
	  <field field_ref="vtau_ice"   />
	  <field field_ref="qsr_io_cea" />
	  <field field_ref="qns_io_cea" />
	  <field field_ref="snowpre"    />
	</file>


	<file id="file6" name_suffix="_ptrc_T" description="sms variables" >
          <field field_ref="CFC12" />
          <field field_ref="SF6" />
          <field field_ref="C14B" />
          <field field_ref="Age"  />
	</file>
	
	<file id="file7" name_suffix="_diad_T" description="additional diagnostics" >
          <field field_ref="qtr_CFC12"  />
          <field field_ref="qint_CFC12" />
          <field field_ref="qtr_SF6"  />
          <field field_ref="qint_SF6" />
          <field field_ref="qtr_C14b"   />
          <field field_ref="qint_C14b"  />
          <field field_ref="fdecay"    />
	</file>

      </file_group>

      <file_group id="1m" output_freq="1mo" output_level="10" enabled=".TRUE."/> <!-- real monthly files -->
      <file_group id="2m" output_freq="2mo" output_level="10" enabled=".TRUE."/> <!-- real 2m files -->
      <file_group id="3m" output_freq="3mo" output_level="10" enabled=".TRUE."/> <!-- real 3m files -->
      <file_group id="4m" output_freq="4mo" output_level="10" enabled=".TRUE."/> <!-- real 4m files -->
      <file_group id="6m" output_freq="6mo" output_level="10" enabled=".TRUE."/> <!-- real 6m files -->

      <file_group id="1y"  output_freq="1y" output_level="10" enabled=".TRUE."/> <!-- real yearly files -->
      <file_group id="2y"  output_freq="2y" output_level="10" enabled=".TRUE."/> <!-- real 2y files -->
      <file_group id="5y"  output_freq="5y" output_level="10" enabled=".TRUE."/> <!-- real 5y files -->
      <file_group id="10y" output_freq="10y" output_level="10" enabled=".TRUE."/> <!-- real 10y files -->

   </file_definition>
    
    <!-- 
============================================================================================================
= grid definition = = DO NOT CHANGE =
============================================================================================================
    -->
    
   <axis_definition>  
      <axis id="deptht"  long_name="Vertical T levels"  unit="m" positive="down" />
      <axis id="depthu"  long_name="Vertical U levels"  unit="m" positive="down" />
      <axis id="depthv"  long_name="Vertical V levels"  unit="m" positive="down" />
      <axis id="depthw"  long_name="Vertical W levels"  unit="m" positive="down" />
      <axis id="nfloat"  long_name="Float number"       unit="1"                 />
      <axis id="icbcla"  long_name="Iceberg class"      unit="1"                 />
      <axis id="ncatice" long_name="Ice category"       unit="1"                 />
      <axis id="iax_20C" long_name="20 degC isotherm"   unit="degC"              />
      <axis id="iax_28C" long_name="28 degC isotherm"   unit="degC"              />
   </axis_definition> 
    
   <domain_definition src="./domain_def.xml"/>
   
   <grid_definition>    
     <grid id="grid_T_2D" domain_ref="grid_T"/>
     <grid id="grid_T_3D" domain_ref="grid_T" axis_ref="deptht"/>
     <grid id="grid_U_2D" domain_ref="grid_U"/>
     <grid id="grid_U_3D" domain_ref="grid_U" axis_ref="depthu"/>
     <grid id="grid_V_2D" domain_ref="grid_V"/>
     <grid id="grid_V_3D" domain_ref="grid_V" axis_ref="depthv"/>
     <grid id="grid_W_2D" domain_ref="grid_W"/>
     <grid id="grid_W_3D" domain_ref="grid_W" axis_ref="depthw"/>
    </grid_definition>  
  
  </context>
  

  <context id="xios">

      <variable_definition>
	
     <!-- 
        We must have buffer_size > jpi*jpj*jpk*8 (with jpi and jpj the subdomain size)
-->
	  <variable id="buffer_size"               type="integer">10000000</variable>
	  <variable id="buffer_server_factor_size" type="integer">2</variable>
	  <variable id="info_level"                type="integer">0</variable>
	  <variable id="using_server"              type="boolean">false</variable>
	  <variable id="using_oasis"               type="boolean">false</variable>
	  <variable id="oasis_codes_id"            type="string" >oceanx</variable>
	
      </variable_definition>
               
  </context>
  
</simulation>
