<?xml version="1.0"?>
<simulation> 

 <context id="nemo" time_origin="1900-01-01 00:00:00" >
    
    <!-- $id$ -->
    
    <!-- 
============================================================================================================
=                                  definition of all existing variables                                    =
=                                            DO NOT CHANGE                                                 =
============================================================================================================
    -->
    <field_definition src="./field_def.xml"/>
    <!-- 
============================================================================================================
=                                           output files definition                                        =
=                                            Define your own files                                         =
=                                         put the variables you want...                                    =
============================================================================================================
    -->
 
    
    <file_definition type="multiple_file" name="@expname@_@freq@_@startdate@_@enddate@" sync_freq="10d" min_digits="4">
    
      <file_group id="1ts" output_freq="1ts"  output_level="10" enabled=".TRUE."/> <!-- 1 time step files -->
      <file_group id="1h" output_freq="1h"  output_level="10" enabled=".TRUE."/> <!-- 1h files -->
      <file_group id="2h" output_freq="2h"  output_level="10" enabled=".TRUE."/> <!-- 2h files -->
      <file_group id="3h" output_freq="3h"  output_level="10" enabled=".TRUE."/> <!-- 3h files -->     
      <file_group id="4h" output_freq="4h"  output_level="10" enabled=".TRUE."/> <!-- 4h files -->
      <file_group id="6h" output_freq="6h"  output_level="10" enabled=".TRUE."/> <!-- 6h files -->
     
      <file_group id="1d" output_freq="1d"  output_level="10" enabled=".TRUE."> <!-- 1d files -->

	<file id="file1" name_suffix="_grid_T" description="ocean T grid variables" >
	  <field field_ref="sst"          name="tos" />
	  <field field_ref="sss"          name="sos" />
	  <field field_ref="ssh"          name="zos" />
	</file>

	<file id="file2" name_suffix="_grid_U" description="ocean U grid variables" >
	  <field field_ref="ssu"          name="uos" />
	</file>
	
	<file id="file3" name_suffix="_grid_V" description="ocean V grid variables" >
	  <field field_ref="ssv"          name="vos" />
	</file>

        <file id="file4" name_suffix="_bioscalar" description="pisces sms variables" >
          <field field_ref="tdenit"   name="tdenit"   unit="TgN/yr" operation="instant" > tdenit * 14. * 86400. * 365. / 1e12 </field>
          <field field_ref="tnfix"    name="tnfix"    unit="TgN/yr" operation="instant" > tnfix * 14. * 86400. * 365. / 1e12 </field>
          <field field_ref="tcflx"    name="tcflx"    unit="PgC/yr" operation="instant" > tcflx * -1. * 12. * 86400. * 365. / 1e15 </field>
          <field field_ref="tcflxcum" name="tcflxcum" unit="PgC"    operation="instant" > tcflxcum * -1. * 12. / 1e15 </field>
          <field field_ref="tcexp"    name="tcexp"    unit="PgC/yr" operation="instant" > tcexp * 12. * 86400. * 365. / 1e15 </field>
          <field field_ref="tintpp"   name="tintpp"   unit="PgC/yr" operation="instant" > tintpp * 12. * 86400. * 365. / 1e15 </field>
          <field field_ref="pno3tot"  name="pno3tot"  unit="umolN"  > pno3tot * 16. / 122. * 1e6 </field>
          <field field_ref="ppo4tot"  name="ppo4tot"  unit="umolP"  > ppo4tot * 1. / 122. * 1e6 </field>
          <field field_ref="psiltot"  name="psiltot"  unit="umolC"  > psiltot * 1e6  </field>
          <field field_ref="palktot"  name="palktot"  unit="umolC"  > palktot * 1e6  </field>
        <field field_ref="pfertot"  name="pfertot"  unit="nmolFe" > pfertot * 1e9  </field>
                                                                                                                             </file>
      </file_group>

      <file_group id="3d" output_freq="3d"  output_level="10" enabled=".TRUE."/> <!-- 3d files -->    

      <file_group id="5d" output_freq="5d"  output_level="10" enabled=".TRUE.">  <!-- 5d files -->   

	<file id="file5" name_suffix="_grid_T" description="ocean T grid variables" >
	  <field field_ref="toce"         name="thetao" />
	  <field field_ref="soce"         name="so"     />
	  <field field_ref="sst"          name="tos"    />
	  <field field_ref="sst2"         name="tossq"  />
	  <field field_ref="sss"          name="sos"    />
	  <field field_ref="ssh"          name="zos"    />
	  <field field_ref="ssh2"         name="zossq"  />
	  <field field_ref="empmr"        name="wfo"    />
	  <field field_ref="qsr"          name="rsntds" />
	  <field field_ref="qt"           name="tohfls" />
	  <field field_ref="taum"     />
	  <field field_ref="mldkz5"   />
	  <field field_ref="mldr10_1" />
	</file>
	
	<file id="file6" name_suffix="_grid_U" description="ocean U grid variables" >
	  <field field_ref="uoce"         name="uo"     />
	  <field field_ref="ssu"          name="uos"    />
	  <field field_ref="utau"         name="tauuo"  />
	</file>
	
	<file id="file7" name_suffix="_grid_V" description="ocean V grid variables" >
	  <field field_ref="voce"         name="vo"     />
	  <field field_ref="ssv"          name="vos"    />
	  <field field_ref="vtau"         name="tauvo"  />
	</file>
	
	<file id="file8" name_suffix="_grid_W" description="ocean W grid variables" >
	  <field field_ref="woce"         name="wo"     />
	  <field field_ref="avt"          name="difvho" />
	</file>
	
	<file id="file9" name_suffix="_icemod" description="ice variables" >
	  <field field_ref="ice_pres"   />
	  <field field_ref="snowthic_cea" name="snd"    />
	  <field field_ref="icethic_cea"  name="sit"    />
	  <field field_ref="iceprod_cea"  name="sip"    />
	  <field field_ref="ist_ipa"    />
	  <field field_ref="uice_ipa"   />
	  <field field_ref="vice_ipa"   />
	  <field field_ref="utau_ice"   />
	  <field field_ref="vtau_ice"   />
	  <field field_ref="qsr_io_cea" />
	  <field field_ref="qns_io_cea" />
	  <field field_ref="snowpre"    />
	</file>
	
      </file_group>

      <file_group id="1m" output_freq="1mo" output_level="10" enabled=".TRUE."> <!-- real monthly files -->

	<file id="file10" name_suffix="_ptrc_T" description="pisces sms variables" >
          <field field_ref="DIC"      />
          <field field_ref="Alkalini" />
          <field field_ref="O2"       />
          <field field_ref="PO4"      />
          <field field_ref="Si"       />
          <field field_ref="Fer"      />
          <field field_ref="NCHL"     />
          <field field_ref="DCHL"     />
          <field field_ref="NO3"      />
	</file>
	
	<file id="file11" name_suffix="_diad_T" description="additional pisces diagnostics" >
          <field field_ref="Cflx"     />
          <field field_ref="Dpco2"    />
	</file>

      </file_group>

      <file_group id="2m" output_freq="2mo" output_level="10" enabled=".TRUE."/> <!-- real 2m files -->
      <file_group id="3m" output_freq="3mo" output_level="10" enabled=".TRUE."/> <!-- real 3m files -->
      <file_group id="4m" output_freq="4mo" output_level="10" enabled=".TRUE."/> <!-- real 4m files -->
      <file_group id="6m" output_freq="6mo" output_level="10" enabled=".TRUE."/> <!-- real 6m files -->

      <file_group id="1y"  output_freq="1y" output_level="10" enabled=".TRUE."> <!-- real yearly files -->

	<file id="file12" name_suffix="_ptrc_T" description="pisces sms variables" >
          <field field_ref="DIC"      />
          <field field_ref="Alkalini" />
          <field field_ref="O2"       />
          <field field_ref="CaCO3"    />
          <field field_ref="PO4"      />
          <field field_ref="POC"      />
          <field field_ref="Si"       />
          <field field_ref="PHY"      />
          <field field_ref="ZOO"      />
          <field field_ref="DOC"      />
          <field field_ref="PHY2"     />
          <field field_ref="ZOO2"     />
          <field field_ref="DSi"      />
          <field field_ref="Fer"      />
          <field field_ref="BFe"      />
          <field field_ref="GOC"      />
          <field field_ref="SFe"      />
          <field field_ref="DFe"      />
          <field field_ref="GSi"      />
          <field field_ref="NFe"      />
          <field field_ref="NCHL"     />
          <field field_ref="DCHL"     />
          <field field_ref="NO3"      />
          <field field_ref="NH4"      />
	</file>

	<file id="file13" name_suffix="_diad_T" description="additional pisces diagnostics" >
          <field field_ref="PH"       />
          <field field_ref="CO3"      />
          <field field_ref="CO3sat"   />
          <field field_ref="PAR"      />
          <field field_ref="PPPHY"    />
          <field field_ref="PPPHY2"   />
          <field field_ref="PPNEWN"   />
          <field field_ref="PPNEWD"   />
          <field field_ref="PBSi"     />
          <field field_ref="PFeN"     />
          <field field_ref="PFeD"     />
          <field field_ref="xfracal"  />
          <field field_ref="PCAL"     />
          <field field_ref="DCAL"     />
          <field field_ref="GRAZ1"    />
          <field field_ref="GRAZ2"    />
          <field field_ref="EPC100"   />
          <field field_ref="EPFE100"  />
          <field field_ref="EPSI100"  />
          <field field_ref="EPCAL100" />
          <field field_ref="Cflx"     />
          <field field_ref="Oflx"     />
          <field field_ref="Kg"       />
          <field field_ref="Dpco2"    />
          <field field_ref="Dpo2"     />
          <field field_ref="Heup"     />
          <field field_ref="Irondep"  />
          <field field_ref="Ironsed"  />
          <field field_ref="Ironice"  />
          <field field_ref="Nfix"     />
          <field field_ref="MuN"      />
          <field field_ref="MuD"      />
          <field field_ref="LNnut"    />
          <field field_ref="LDnut"    />
          <field field_ref="LNFe"     />
          <field field_ref="LDFe"     />
          <field field_ref="LNlight"  />
          <field field_ref="LDlight"  />
          <field field_ref="pdust"    />
          <field field_ref="Fe2"      />
          <field field_ref="Fe3"      />
          <field field_ref="FeL1"     />
          <field field_ref="FeL2"     />
          <field field_ref="FeP"      />
          <field field_ref="TL1"      />
          <field field_ref="TL2"      />
          <field field_ref="Sdenit"   />
          <field field_ref="Totlig"   />
	</file>

      </file_group>

      <file_group id="2y"  output_freq="2y" output_level="10" enabled=".TRUE."/> <!-- real 2y files -->
      <file_group id="5y"  output_freq="5y" output_level="10" enabled=".TRUE."/> <!-- real 5y files -->
      <file_group id="10y" output_freq="10y" output_level="10" enabled=".TRUE."/> <!-- real 10y files -->

   </file_definition>

    <!-- 
============================================================================================================
= grid definition = = DO NOT CHANGE =
============================================================================================================
    -->
    
   <axis_definition>  
      <axis id="deptht"  long_name="Vertical T levels"  unit="m" positive="down" />
      <axis id="depthu"  long_name="Vertical U levels"  unit="m" positive="down" />
      <axis id="depthv"  long_name="Vertical V levels"  unit="m" positive="down" />
      <axis id="depthw"  long_name="Vertical W levels"  unit="m" positive="down" />
      <axis id="nfloat"  long_name="Float number"       unit="1"                 />
      <axis id="icbcla"  long_name="Iceberg class"      unit="1"                 />
      <axis id="ncatice" long_name="Ice category"       unit="1"                 />
      <axis id="iax_20C" long_name="20 degC isotherm"   unit="degC"              />
      <axis id="iax_28C" long_name="28 degC isotherm"   unit="degC"              />
   </axis_definition> 
    
   <domain_definition src="./domain_def.xml"/>
   
   <grid_definition>    
     <grid id="grid_T_2D" domain_ref="grid_T"/>
     <grid id="grid_T_3D" domain_ref="grid_T" axis_ref="deptht"/>
     <grid id="grid_U_2D" domain_ref="grid_U"/>
     <grid id="grid_U_3D" domain_ref="grid_U" axis_ref="depthu"/>
     <grid id="grid_V_2D" domain_ref="grid_V"/>
     <grid id="grid_V_3D" domain_ref="grid_V" axis_ref="depthv"/>
     <grid id="grid_W_2D" domain_ref="grid_W"/>
     <grid id="grid_W_3D" domain_ref="grid_W" axis_ref="depthw"/>
    </grid_definition>  
  
  </context>
  

  <context id="xios">

      <variable_definition>
	
     <!-- 
        We must have buffer_size > jpi*jpj*jpk*8 (with jpi and jpj the subdomain size)
-->
	  <variable id="buffer_size"               type="integer">50000000</variable>
	  <variable id="buffer_server_factor_size" type="integer">2</variable>
	  <variable id="info_level"                type="integer">0</variable>
	  <variable id="using_server"              type="boolean">false</variable>
	  <variable id="using_oasis"               type="boolean">false</variable>
	  <variable id="oasis_codes_id"            type="string" >oceanx</variable>
	
      </variable_definition>
               
  </context>
  
</simulation>
