<?xml version="1.0"?>
<simulation> 
  
  <context id="nemo" time_origin="1900-01-01 00:00:00" >

    <!-- $id$ -->
    
    <!-- 
============================================================================================================
=                                  definition of all existing variables                                    =
=                                            DO NOT CHANGE                                                 =
============================================================================================================
    -->
    <field_definition src="./field_def.xml"/>    
    <!-- 
============================================================================================================
=                                                                                                          =
=                                           output files definition                                        =
=                                                                                                          =
=                  http://www2-pcmdi.llnl.gov/svn/repository/cmor/trunk/Tables/CMIP5_Oclim                 =
=                  http://www2-pcmdi.llnl.gov/svn/repository/cmor/trunk/Tables/CMIP5_Omon                  =
=                  http://www2-pcmdi.llnl.gov/svn/repository/cmor/trunk/Tables/CMIP5_Oimon                 =              
=          http://www.clivar.org/organization/wgomd/references/WGOMD_CMIP5_ocean_fields.June2009.pdf       =
=                                                                                                          =
============================================================================================================
    -->
    
    <file_definition type="multiple_file" name="@expname@_@freq@_@startdate@_@enddate@" output_level="10" sync_freq="2mo" min_digits="4">
      <!--
+++++++++++++++++++++++++++++++++++++++++++++++   daily   ++++++++++++++++++++++++++++++++++++++++++++++++++
        -->
      <file_group id="1d" output_freq="1d"  enabled=".TRUE.">                      <!-- 1d files -->
	<file id="file1" name_suffix="_grid_T_table2.2" >         <!-- grid T  -->
	  <field field_ref="sst"          name='tos'      long_name="sea_surface_temperature"                              level="2" />
	  <field field_ref="sst2"         name='tossq'    long_name="square_of_sea_surface_temperature"                    level="2" />
	  <field field_ref="mldkz5"       name='omldamax' long_name="ocean_mixed_layer_thickness_defined_by_mixing_scheme" standard_name="ocean_mixed_layer_thickness_defined_by_mixing_scheme" level="2" operation="maximum" />
	</file>   
      </file_group>
	<!--
++++++++++++++++++++++++++++++++++++++++++++++   monthly   +++++++++++++++++++++++++++++++++++++++++++++++++
	  -->
      <file_group id="1m" output_freq="1mo" enabled=".TRUE.">                      <!-- real monthly files -->
	<!--
..............................................    grid T   .................................................
	  -->	  
	<file id="file2" name_suffix="_grid_T_table2.2" >
	  <field field_ref="botpres"      name="pbo"      long_name="sea_water_pressure_at_sea_floor" />
	  <!-- pso : sea_water_pressure_at_sea_water_surface = 0 -->
	  <field field_ref="ssh"          name="zos"      long_name="sea_surface_height_above_geoid"  />
	  <field field_ref="ssh2"         name="zossq"    long_name="square_of_sea_surface_height_above_geoid"  level="2" />
	  <!-- masscello : sea_water_mass_per_unit_area = e3t*rau0                                          no time changes -->
	  <field field_ref="e3t"          name="thkcello" long_name="cell_thickness"                  /> <!-- no time changes -->
	  <field field_ref="toce"         name="thetao"   long_name="sea_water_potential_temperature" />
	  <field field_ref="sst"          name="tos"      long_name="sea_surface_temperature"                   level="1" />
	  <field field_ref="sst2"         name="tossq"    long_name="square_of_sea_surface_temperature"         level="2" />
	  <field field_ref="soce"         name="so"       long_name="sea_water_salinity"              />
	  <field field_ref="sss"          name="sos"      long_name="sea_surface_salinity"                      level="1" />
	  <field field_ref="rhop"         name="rhopoto"  long_name="sea_water_potential_density"               level="2" />
	  <!-- no agessc : sea_water_age_since_surface_contact -->
	  <!-- no cfc11  : moles_per_unit_mass_of_cfc11_in_sea_water -->
	  <!-- msftbarot : ocean_barotropic_mass_streamfunction : offline -->
	  <!-- mlotst    :           ocean_mixed_layer_thickness_defined_by_sigma_t : must be done offline -->
	  <!-- mlotstsq  : square_of_ocean_mixed_layer_thickness_defined_by_sigma_t : must be done offline -->
	  <field field_ref="mldkz5"       name='omlmax'   long_name="ocean_mixed_layer_thickness_defined_by_mixing_scheme" standard_name="ocean_mixed_layer_thickness_defined_by_mixing_scheme" level="2" operation="maximum" />
	</file>   
	
	<file id="file3" name_suffix="_grid_T_table2.5" >
	  <field field_ref="rain"         name="pr"       long_name="rainfall_flux"                           level="1" />
	  <field field_ref="snow_ao_cea"  name="prsn"     long_name="snowfall_flux"                           level="1" />
	  <field field_ref="evap_ao_cea"  name="evs"      long_name="water_evaporation_flux"                  level="1" />
	  <field field_ref="runoffs"      name="friver"   long_name="water_flux_into_sea_water_from_rivers"   level="1" />
	  <field field_ref="calving_cea"  name="ficeberg" long_name="water_flux_into_sea_water_from_icebergs" level="1" />
      <!-- Referenced variable "isnwmlt_cea" is snow melt flux only? -->
	  <field field_ref="isnwmlt_cea"  name="fsitherm" long_name="water_flux_into_sea_water_due_to_sea_ice_thermodynamics" standard_name="water_flux_into_sea_water_due_to_sea_ice_thermodynamics" level="1" />
	  <!-- Referenced variable "empmr" is positive upward, "wfo" is positive downward -->
	  <field field_ref="empmr"        name="wfo"      long_name="water_flux_into_sea_water"                               standard_name="water_flux_into_sea_water"                               level="1" />
	  <!-- wfonocorr : water_flux_into_sea_water_without_flux_correction : emp - erp -->  
      <!-- Referenced variable "erp" is newtonian damping term -->
	  <field field_ref="erp"          name="wfcorr"   long_name="water_flux_correction"                                   standard_name="water_flux_correction"                                   level="1" /> <!-- usually = 0 -->
	</file>   
	
	<file id="file4" name_suffix="_grid_T_table2.6" >
	  <!-- vsfpr    : virtual_salt_flux_into_sea_water_due_to_rainfall    = 0 --> 
	  <!-- vsfevap  : virtual_salt_flux_into_sea_water_due_to_evaporation = 0 --> 
	  <!-- vsfriver : virtual_salt_flux_into_sea_water_from_rivers        = 0 --> 	  
	  <field field_ref="fsal_virt_cea" name="vsfsit" long_name="virtual_salt_flux_into_sea_water_due_to_sea_ice_thermodynamics" level="1" />
	  <!-- vsf      : virtual_salt_flux_into_sea_water = fsal_virtual + fsal_real -->
	  <!-- wfcorr   : virtual_salt_flux_correction                        = 0 --> 
      <!-- Should be field_ref = "fsal_real_cea"? -->
	  <field field_ref="fsal_virt_cea" name="sfdsi"  long_name="downward_sea_ice_basal_salt_flux" standard_name="downward_sea_ice_basal_salt_flux" level="1" />
	  <!-- sfriver  : salt_flux_into_sea_water_from_rivers                = 0 --> 
	</file>   
	
	<file id="file5" name_suffix="_grid_T_table2.7" >
	  <!-- hfgeou : upward_geothermal_heat_flux_at_sea_floor : cte, see nambbc and trabbc.F90 -->
	  <field field_ref="hflx_rain_cea" name="hfrainds"    long_name="temperature_flux_due_to_rainfall_expressed_as_heat_flux_into_sea_water"      level="1" />
	  <field field_ref="hflx_evap_cea" name="hfevapds"    long_name="temperature_flux_due_to_evaporation_expressed_as_heat_flux_out_of_sea_water" level="1" />
	  <field field_ref="hflx_rnf_cea"  name="hfrunoffds"  long_name="temperature_flux_due_to_runoff_expressed_as_heat_flux_into_sea_water"        level="1" />
	  <field field_ref="hflx_snow_cea" name="hfsnthermds" long_name="heat_flux_into_sea_water_due_to_snow_thermodynamics"                         level="1" />
	  <field field_ref="hflx_ice_cea"  name="hfsithermds" long_name="heat_flux_into_sea_water_due_to_sea_ice_thermodynamics"                      level="1" />
	  <field field_ref="hflx_cal_cea"  name="hfibthermds" long_name="heat_flux_into_sea_water_due_to_iceberg_thermodynamics"                      level="1" />
	  <!-- rlds   : surface_net_downward_longwave_flux : not available -->
	  <!-- hfls   : surface_downward_latent_heat_flux  : not available -->
	  <!-- hfss   : surface_downward_sensible_heat_flux: not available -->
	  <field field_ref="qns"           name="nshfls"      long_name="surface_net_downward_non_solar_flux"                                         level="1" />
	  <field field_ref="qsr"           name="rsntds"      long_name="surface_net_downward_shortwave_flux"                                         level="1" />
	  <!-- Should be name="rsdo" -->
	  <field field_ref="qsr3d"         name="rsds"        long_name="downwelling_shortwave_flux_in_sea_water"                                     level="1" />
      <!-- Referenced variable "qrp" is newtonian damping term -->
	  <field field_ref="qrp"           name="hfcorr"      long_name="heat_flux_correction" standard_name="heat_flux_correction"                   level="1" />
	</file>   
	<!--
..............................................    grid U   .................................................
	-->
	<file id="file6" name_suffix="_grid_U_table2.3" >
	  <field field_ref="uoce"         name="uo"      long_name="sea_water_x_velocity" />
	  <field field_ref="u_masstr"     name="umo"     long_name="ocean_mass_x_transport"                        level="1" />
	  <field field_ref="u_heattr"     name="hfx"     long_name="ocean_heat_x_transport"                        level="1" />
	  <field field_ref="ueiv_heattr"  name="hfxba"   long_name="ocean_heat_x_transport_due_to_bolus_advection" level="2" />
	  <field field_ref="udiff_heattr" name="hfxdiff" long_name="ocean_heat_x_transport_due_to_diffusion"       level="2" />
	</file>   
	
	<file id="file7" name_suffix="_grid_U_table2.8" >
	  <field field_ref="utau"         name="tauuo"   long_name="surface_downward_x_stress"                     level="1" />
	  <!-- tauucorr : surface_downward_x_stress_correction = 0 -->
	</file>   
	<!--
..............................................    grid V   .................................................
	-->
	<file id="file8" name_suffix="_grid_V_table2.3" >
	  <field field_ref="voce"         name="vo"      long_name="sea_water_y_velocity" />
	  <field field_ref="v_masstr"     name="vmo"     long_name="ocean_mass_y_transport"                        level="1" />
	  <field field_ref="v_heattr"     name="hfy"     long_name="ocean_heat_y_transport"                        level="1" />
	  <field field_ref="veiv_heattr"  name="hfyba"   long_name="ocean_heat_y_transport_due_to_bolus_advection" level="2" />
	  <field field_ref="vdiff_heattr" name="hfydiff" long_name="ocean_heat_y_transport_due_to_diffusion"       level="2" />
	</file>   
	
	<file id="file9" name_suffix="_grid_V_table2.8" >
	  <field field_ref="vtau"         name="tauvo"   long_name="surface_downward_y_stress"                     level="1" />
	  <!-- tauvcorr : surface_downward_y_stress_correction = 0 -->
	</file>   
	<!--
..............................................    grid W   .................................................
	-->
	<file id="file10" name_suffix="_grid_W_table2.3" >
	  <field field_ref="w_masstr"   name="wmo"   long_name="upward_ocean_mass_transport"           />
	  <field field_ref="w_masstr2"  name="wmosq" long_name="square_pf_upward_ocean_mass_transport" />
	</file>   
	
	<file id="file11" name_suffix="_grid_W_table2.9" >
	  <field field_ref="avt"     name="difvho"   long_name="ocean_vertical_heat_diffusivity"                level="2" />
	  <field field_ref="avs"     name="difvso"   long_name="ocean_vertical_salt_diffusivity"                level="2" />
	  <!-- difvtrbo : ocean_vertical_tracer_diffusivity_due_to_background : cte with time, see namelist parameters nn_avb and  nn_havtb -->
	  <field field_ref="av_tide" name="difvtrto" long_name="ocean_vertical_tracer_diffusivity_due_to_tides" level="2" />
	  <!-- tnpeo     : tendency_of_ocean_potential_energy_content                   : not available -->
	  <!-- tnpeot    : tendency_of_ocean_potential_energy_content_due_to_tides      : not available -->
	  <!-- tnpeotb   : tendency_of_ocean_potential_energy_content_due_to_background : not available -->
	  <field field_ref="avm"     name="difvmo"   long_name="ocean_vertical_momentum_diffusivity"            level="2" />
	  <!-- difvmbo : ocean_vertical_momentum_diffusivity_due_to_background : cte with time, see namelist parameters nn_avb -->
	  <field field_ref="av_tide" name="difvmto"  long_name="ocean_vertical_momentum_diffusivity_due_to_tides" standard_name="ocean_vertical_momentum_diffusivity_due_to_tides" level="2" /> <!-- same as tracer -->
	  <!-- difvmfdo : ocean_vertical_momentum_diffusivity_due_to_form_drag : ??? -->
	  <!-- dispkevfo : ocean_kinetic_energy_dissipation_per_unit_area_due_to_vertical_friction : not available -->
	</file>
	
	<file id="file12" name_suffix="_grid_W_table2.10" >
	  <!-- if ln_traldf_lap    =  .true. -->
	  <field field_ref="aht2d_eiv" name="diftrblo" long_name="ocean_tracer_bolus_laplacian_diffusivity" level="2" />
	  <!-- diftrelo : ocean_tracer_epineutral_laplacian_diffusivity : cte with time, see ln_traldf_iso -->
	  <!-- diftrxylo : ocean_tracer_xy_laplacian_diffusivity : cte with time -->
	  <!-- if ln_traldf_bilap  =  .true. -->
	  <!-- field field_ref="diftrbbo" name="aht2d_eiv" long_name="ocean_tracer_bolus_biharmonic_diffusivity"                    level="2" /-->
	  <!-- diftrebo : ocean_tracer_epineutral_biharmonic_diffusivity : cte with time, see ln_traldf_iso -->
	  <!-- diftrxybo : ocean_tracer_xy_biharmonic_diffusivity : cte with time -->
	  <!-- tnkebto : tendency_of_ocean_eddy_kinetic_energy_content_due_to_bolus_transport : not available -->
	  <!-- difmxylo : ocean_momentum_xy_laplacian_diffusivity : cte with time, see ln_dynldf_lap -->
	  <!-- difmxybo : ocean_momentum_xy_biharmonic_diffusivity : cte with time, see ln_dynldf_bilap -->
	  <!-- dispkexyfo : ocean_kinetic_energy_dissipation_per_unit_area_due_to_xy_friction : not available -->
	</file>   
	<!--
..............................................    scalar   .................................................
	-->
	<file id="file13" name_suffix="_scalar_table2.2" >         <!-- scalar -->
	  <field field_ref="masstot"    name="masso"    long_name="sea_water_mass"                               />
	  <field field_ref="voltot"     name="volo"     long_name="sea_water_volume"                             />
	  <field field_ref="sshtot"     name="zosga"    long_name="global_average_sea_level_change"              />
	  <field field_ref="sshsteric"  name="zossga"   long_name="global_average_steric_sea_level_change"       />
	  <field field_ref="sshthster"  name="zostoga"  long_name="global_average_thermosteric_sea_level_change" />
	  <field field_ref="temptot"    name="thetaoga" long_name="sea_water_potential_temperature"              />
	  <field field_ref="saltot"     name="soga"     long_name="sea_water_salinity"                           />
	</file>   
	<!--
..............................................    icemod   .................................................
	-->
	<file id="file14" name_suffix="_icemod_table2.2" >         <!-- scalar -->
	  <field field_ref="ice_pres" />
	  <field field_ref="ice_cover"    name="sic"       long_name="sea_ice_area_fraction"                                           />
	  <field field_ref="icethic_cea"  name="sit"       long_name="sea_ice_thickness"                                               />
	  <field field_ref="subl_ai_cea"  name="evap"      long_name="water_evaporation_flux" standard_name="water_evaporation_flux"   />
	  <field field_ref="snowthic_cea" name="snd"       long_name="surface_snow_thickness"                                          />
	  <!-- snc : surface_snow_area_fraction : same as sic -->
	  <field field_ref="icealb_cea"   name="ialb"      long_name="Bare Sea Ice Albedo"                                             />
	  <!-- ssi : Sea Ice Salinity : cte = sice = 6, expect in baltic sea = 2 -->
	  <field field_ref="ist_cea"      name="tsice"     long_name="Surface Temperature of Sea Ice"                                  />
	  <!-- tsnint : Temperature at Interface Between Sea Ice and Snow : not available -->
	  <!-- pr : Surface Rainfall Rate into the Sea Ice Portion of the Grid Cell = 0 -->
	  <field field_ref="snow_ai_cea"  name="prsn"      long_name="Surface Snowfall Rate into the Sea Ice Portion of the Grid Cell" />
	  <!-- ageice   : Age of Sea Ice : not available ??? -->
	  <!-- grFrazil : Frazil Sea Ice Growth (Leads) Rate ??? -->
	  <!-- grCongel : Congelation Sea Ice Growth Rate ??? -->
	  <field field_ref="licepro_cea"  name="grLateral" long_name="Lateral Sea Ice Growth Rate"                                     />
	  <field field_ref="sntoice_cea"  name="snoToIce"  long_name="Snow-Ice Formation Rate"                                         />
	  <field field_ref="snowmel_cea"  name="snomelt"   long_name="Snow Melt Rate"                                                  />
	  <field field_ref="ticemel_cea"  name="tmelt"     long_name="Rate of Melt at Upper Surface of Sea Ice"                        />
	  <field field_ref="bicemel_cea"  name="bmelt"     long_name="Rate of Melt at Sea Ice Base"                                    />
	  <!-- hcice  : Sea Ice Total Heat Content ??? -->
	  <field field_ref="qsr_ai_cea"   name="rsdssi"    long_name="surface_downwelling_shortwave_flux_in_air"                       />
	  <!-- rsussi : surface_upwelling_shortwave_flux_in_air ??? -->
	  <!-- rldssi : surface_downwelling_longwave_flux_in_air ??? -->
	  <!-- rlussi : surface_upwelling_longwave_flux_in_air ??? -->
	  <!-- hfssi  : surface_upward_sensible_heat_flux ??? -->
	  <!-- hflssi : surface_upward_latent_heat_flux ??? -->
	  <field field_ref="subl_ai_cea"  name="sblsi"     long_name="surface_snow_and_ice_sublimation_flux"                           />
	  <field field_ref="u_imasstr"    name="transix"   long_name="Eastward Sea Ice Transport"                                      />
	  <field field_ref="v_imasstr"    name="transiy"   long_name="Northward Sea Ice Transport"                                     />
	  <field field_ref="fram_trans"   name="transifs"  long_name="Sea Ice Mass Transport Through Fram Strait"                      />
	  <field field_ref="utau_ice"     name="strairx"   long_name="Eastward Atmospheric Stress On Sea Ice"                          />
	  <field field_ref="vtau_ice"     name="strairy"   long_name="Northward Atmospheric Stress On Sea Ice"                         />
	  <!-- strocnx : Eastward Ocean Stress On Sea Ice ??? -->
	  <!-- strocny : Northward Ocean Stress On Sea Ice ??? -->
	  <!-- streng  : Compressive Sea Ice Strength ??? -->
	  <!-- divice  : Strain Rate Divergence of Sea Ice ??? -->
	  <!-- shrice  : Strain Rate Shear of Sea Ice ??? -->
	  <!-- ridgice : Sea Ice Ridging Rate ??? -->
	</file>   
      </file_group>

      <!-- 
+++++++++++++++++++++++++++++++++++++++++++++++++++++++++++++++++++++++++++++++++++++++++++++++++++++++++++
        -->
    </file_definition>
    
    <!-- 
============================================================================================================
=                                           grid definition                                                =
=                                            DO NOT CHANGE                                                 =
============================================================================================================
    -->
    

   <axis_definition>  
      <axis id="deptht"  long_name="Vertical T levels"  unit="m" positive="down" />
      <axis id="depthu"  long_name="Vertical U levels"  unit="m" positive="down" />
      <axis id="depthv"  long_name="Vertical V levels"  unit="m" positive="down" />
      <axis id="depthw"  long_name="Vertical W levels"  unit="m" positive="down" />
      <axis id="nfloat"  long_name="Float number"       unit="1"                 />
      <axis id="icbcla"  long_name="Iceberg class"      unit="1"                 />
      <axis id="ncatice" long_name="Ice category"       unit="1"                 />
      <axis id="iax_20C" long_name="20 degC isotherm"   unit="degC"              />
      <axis id="iax_28C" long_name="28 degC isotherm"   unit="degC"              />
   </axis_definition>
    
   <domain_definition src="./domain_def.xml"/>
   
   <grid_definition>    
     <grid id="grid_T_2D" domain_ref="grid_T"/>
     <grid id="grid_T_3D" domain_ref="grid_T" axis_ref="deptht"/>
     <grid id="grid_U_2D" domain_ref="grid_U"/>
     <grid id="grid_U_3D" domain_ref="grid_U" axis_ref="depthu"/>
     <grid id="grid_V_2D" domain_ref="grid_V"/>
     <grid id="grid_V_3D" domain_ref="grid_V" axis_ref="depthv"/>
     <grid id="grid_W_2D" domain_ref="grid_W"/>
     <grid id="grid_W_3D" domain_ref="grid_W" axis_ref="depthw"/>
     <grid id="gznl_T_2D" domain_ref="gznl"/>
     <grid id="gznl_T_3D" domain_ref="gznl" axis_ref="deptht"/>
     <grid id="gznl_W_3D" domain_ref="gznl" axis_ref="depthw"/>
    </grid_definition>    

  </context>
  

  <context id="xios">

      <variable_definition>
	
     <!-- 
        We must have buffer_size > jpi*jpj*jpk*8*3 (with jpi and jpj the subdomain size)
-->
	  <variable id="buffer_size"               type="integer">25000000</variable>
	  <variable id="buffer_server_factor_size" type="integer">2</variable>
	  <variable id="info_level"                type="integer">0</variable>
	  <variable id="using_server"              type="boolean">false</variable>
	  <variable id="using_oasis"               type="boolean">false</variable>
	  <variable id="oasis_codes_id"            type="string" >oceanx</variable>
	
      </variable_definition>
               
  </context>
  
</simulation>
  
